{
  "project_info": {
    "project_number": "945038509986",
    "firebase_url": "https://shwe-daily-english-nice.firebaseio.com",
    "project_id": "shwe-daily-english-nice",
    "storage_bucket": "shwe-daily-english-nice.appspot.com"
  },
  "client": [
    {
      "client_info": {
        "mobilesdk_app_id": "1:945038509986:android:d571e23bdfce0e94",
        "android_client_info": {
          "package_name": "moemoetun.com.tab.shwedailyenglish"
        }
      },
      "oauth_client": [
        {
          "client_id": "945038509986-qbt8tu3dflegde729g7f2d21tprulnlq.apps.googleusercontent.com",
          "client_type": 3
        }
      ],
      "api_key": [
        {
          "current_key": "AIzaSyAvsrdnrtz9G4JtKfYAJ1pzua8sAuc2c2o"
        }
      ],
      "services": {
        "analytics_service": {
          "status": 1
        },
        "appinvite_service": {
          "status": 1,
          "other_platform_oauth_client": []
        },
        "ads_service": {
          "status": 2
        }
      }
    }
  ],
  "configuration_version": "1"
}